,Unnamed: 0,X,id_X,premz,rtmed,rtmean,int,col_eng,pol,ms2Peaks,ms1Peaks,neutral_mass,SIRIUSCSV
0,1,1,endo_negM153R40ID1,152.995452880859,40.0539309,40.03246545,9387487.605469,30,neg,ms2_spectra_ENDOneg/insilico/peakfiles_ms2/Peaks_01.txt,no ms1 peaks in QC,no mass from CAMERA,/Users/mahnoorzulfiqar/OneDriveUNI/GitHub-Repos/MAW/cwl/ms2_spectra_ENDOneg/insilico/SIRIUS/no_isotope/coconut_results_for_negM153R40ID1_structure.csv
1,2,2,endo_negM539R46ID2,539.137329101563,45.7737636,45.957333,1143600.671875,30,neg,ms2_spectra_ENDOneg/insilico/peakfiles_ms2/Peaks_02.txt,no ms1 peaks in QC,no mass from CAMERA,/Users/mahnoorzulfiqar/OneDriveUNI/GitHub-Repos/MAW/cwl/ms2_spectra_ENDOneg/insilico/SIRIUS/no_isotope/coconut_results_for_negM539R46ID2_structure.csv
2,3,3,endo_negM125R52ID3,124.991096496582,51.8808447,51.9328158,437969.1132812,30,neg,ms2_spectra_ENDOneg/insilico/peakfiles_ms2/Peaks_03.txt,no ms1 peaks in QC,no mass from CAMERA,/Users/mahnoorzulfiqar/OneDriveUNI/GitHub-Repos/MAW/cwl/ms2_spectra_ENDOneg/insilico/SIRIUS/no_isotope/coconut_results_for_negM125R52ID3_formula.csv
3,4,4,endo_negM161R74ID4,161.045288085938,73.512243,73.5656505,3634138.261719,30,neg,ms2_spectra_ENDOneg/insilico/peakfiles_ms2/Peaks_04.txt,no ms1 peaks in QC,no mass from CAMERA,
4,5,5,endo_negM145R77ID5,145.050415039063,76.6833,76.3298388,653651.4296875,30,neg,ms2_spectra_ENDOneg/insilico/peakfiles_ms2/Peaks_05.txt,no ms1 peaks in QC,no mass from CAMERA,/Users/mahnoorzulfiqar/OneDriveUNI/GitHub-Repos/MAW/cwl/ms2_spectra_ENDOneg/insilico/SIRIUS/no_isotope/coconut_results_for_negM145R77ID5_structure.csv
5,6,6,endo_negM253R172ID6,253.092559814453,172.37145,172.4137335,260301.3291016,30,neg,ms2_spectra_ENDOneg/insilico/peakfiles_ms2/Peaks_06.txt,no ms1 peaks in QC,no mass from CAMERA,/Users/mahnoorzulfiqar/OneDriveUNI/GitHub-Repos/MAW/cwl/ms2_spectra_ENDOneg/insilico/SIRIUS/no_isotope/coconut_results_for_negM253R172ID6_structure.csv
6,7,7,endo_negM439R174ID7,439.181213378906,173.935626,173.9676555,2068251.29541,30,neg,ms2_spectra_ENDOneg/insilico/peakfiles_ms2/Peaks_07.txt,no ms1 peaks in QC,no mass from CAMERA,/Users/mahnoorzulfiqar/OneDriveUNI/GitHub-Repos/MAW/cwl/ms2_spectra_ENDOneg/insilico/SIRIUS/no_isotope/coconut_results_for_negM439R174ID7_structure.csv
7,8,8,endo_negM213R187ID8,213.076568603516,187.316964,187.88317,213977.5319824,30,neg,ms2_spectra_ENDOneg/insilico/peakfiles_ms2/Peaks_08.txt,no ms1 peaks in QC,no mass from CAMERA,
8,9,9,endo_negM458R189ID9,458.215179443359,188.87082,189.436944,66834.0517578125,30,neg,ms2_spectra_ENDOneg/insilico/peakfiles_ms2/Peaks_09.txt,no ms1 peaks in QC,no mass from CAMERA,/Users/mahnoorzulfiqar/OneDriveUNI/GitHub-Repos/MAW/cwl/ms2_spectra_ENDOneg/insilico/SIRIUS/no_isotope/coconut_results_for_negM458R189ID9_structure.csv
9,10,10,endo_negM157R195ID10,157.086822509766,195.215034,194.705866,846415.6367188,30,neg,ms2_spectra_ENDOneg/insilico/peakfiles_ms2/Peaks_010.txt,no ms1 peaks in QC,no mass from CAMERA,
10,11,11,endo_negM201R200ID11,201.076599121094,200.04087,200.038456,674252.8498535,30,neg,ms2_spectra_ENDOneg/insilico/peakfiles_ms2/Peaks_011.txt,no ms1 peaks in QC,no mass from CAMERA,
11,12,12,endo_negM497R206ID12,497.169128417969,206.400828,205.838168,556121.3613281,30,neg,ms2_spectra_ENDOneg/insilico/peakfiles_ms2/Peaks_012.txt,no ms1 peaks in QC,no mass from CAMERA,/Users/mahnoorzulfiqar/OneDriveUNI/GitHub-Repos/MAW/cwl/ms2_spectra_ENDOneg/insilico/SIRIUS/no_isotope/coconut_results_for_negM497R206ID12_structure.csv
12,13,13,endo_negM215R210ID13,215.09228515625,209.517549,209.1286455,556554.8093262,30,neg,ms2_spectra_ENDOneg/insilico/peakfiles_ms2/Peaks_013.txt,no ms1 peaks in QC,no mass from CAMERA,
13,14,14,endo_negM173R232ID14,173.118026733398,232.105014,232.624422,806559.1738281,30,neg,ms2_spectra_ENDOneg/insilico/peakfiles_ms2/Peaks_014.txt,no ms1 peaks in QC,no mass from CAMERA,/Users/mahnoorzulfiqar/OneDriveUNI/GitHub-Repos/MAW/cwl/ms2_spectra_ENDOneg/insilico/SIRIUS/no_isotope/coconut_results_for_negM173R232ID14_structure.csv
14,15,15,endo_negM183R234ID15,183.102310180664,233.637498,234.16541,676194.9296875,30,neg,ms2_spectra_ENDOneg/insilico/peakfiles_ms2/Peaks_015.txt,no ms1 peaks in QC,no mass from CAMERA,
15,16,16,endo_negM227R233ID16,227.092254638672,232.784877,232.784877,792613.3216553,30,neg,ms2_spectra_ENDOneg/insilico/peakfiles_ms2/Peaks_016.txt,no ms1 peaks in QC,no mass from CAMERA,
16,17,17,endo_negM299R243ID17,299.18603515625,243.334176,242.7064104,228992.5986328,30,neg,ms2_spectra_ENDOneg/insilico/peakfiles_ms2/Peaks_017.txt,no ms1 peaks in QC,no mass from CAMERA,
17,18,18,endo_negM197R254ID18,197.11799621582,254.124342,254.661922,524954.6766357,30,neg,ms2_spectra_ENDOneg/insilico/peakfiles_ms2/Peaks_018.txt,no ms1 peaks in QC,no mass from CAMERA,
18,19,19,endo_negM167R264ID19,167.107467651367,263.937519,262.576202,777434.0598145,30,neg,ms2_spectra_ENDOneg/insilico/peakfiles_ms2/Peaks_019.txt,no ms1 peaks in QC,no mass from CAMERA,
19,20,20,endo_negM295R264ID20,295.154510498047,263.936394,271.3351572,137159.2729492,30,neg,ms2_spectra_ENDOneg/insilico/peakfiles_ms2/Peaks_020.txt,no ms1 peaks in QC,no mass from CAMERA,
20,21,21,endo_negM297R275ID21,297.169982910156,275.179182,275.007903428571,171645.088501,30,neg,ms2_spectra_ENDOneg/insilico/peakfiles_ms2/Peaks_021.txt,no ms1 peaks in QC,no mass from CAMERA,
21,22,22,endo_negM237R284ID22,237.112899780273,284.21625,284.21625,730153.0610352,30,neg,ms2_spectra_ENDOneg/insilico/peakfiles_ms2/Peaks_022.txt,no ms1 peaks in QC,no mass from CAMERA,/Users/mahnoorzulfiqar/OneDriveUNI/GitHub-Repos/MAW/cwl/ms2_spectra_ENDOneg/insilico/SIRIUS/no_isotope/coconut_results_for_negM237R284ID22_structure.csv
22,23,23,endo_negM283R286ID23,283.154724121094,285.783108,285.783108,1268215.805664,30,neg,ms2_spectra_ENDOneg/insilico/peakfiles_ms2/Peaks_023.txt,no ms1 peaks in QC,no mass from CAMERA,
23,24,24,endo_negM351R290ID24,351.217041015625,289.773708,289.267752,129772.3546143,30,neg,ms2_spectra_ENDOneg/insilico/peakfiles_ms2/Peaks_024.txt,no ms1 peaks in QC,no mass from CAMERA,
24,25,25,endo_negM193R293ID25,193.123046875,293.095563,293.095563,1015978.157715,30,neg,ms2_spectra_ENDOneg/insilico/peakfiles_ms2/Peaks_025.txt,no ms1 peaks in QC,no mass from CAMERA,
25,26,26,endo_negM279R301ID26,279.159790039063,301.163118,301.191824,234982.1328125,30,neg,ms2_spectra_ENDOneg/insilico/peakfiles_ms2/Peaks_026.txt,no ms1 peaks in QC,no mass from CAMERA,
26,27,27,endo_negM309R311ID27,309.206604003906,310.671099,310.168669,3020649.39624,30,neg,ms2_spectra_ENDOneg/insilico/peakfiles_ms2/Peaks_027.txt,no ms1 peaks in QC,no mass from CAMERA,
27,28,28,endo_negM321R302ID28,321.206726074219,302.014359,302.014359,472860.6599121,30,neg,ms2_spectra_ENDOneg/insilico/peakfiles_ms2/Peaks_028.txt,no ms1 peaks in QC,no mass from CAMERA,/Users/mahnoorzulfiqar/OneDriveUNI/GitHub-Repos/MAW/cwl/ms2_spectra_ENDOneg/insilico/SIRIUS/no_isotope/coconut_results_for_negM321R302ID28_structure.csv
28,29,29,endo_negM281R315ID29,281.175384521484,314.960964,321.3383175,419162.9243164,30,neg,ms2_spectra_ENDOneg/insilico/peakfiles_ms2/Peaks_029.txt,no ms1 peaks in QC,no mass from CAMERA,
29,30,30,endo_negM365R319ID30,365.196044921875,318.944796,318.948891,1146757.025391,30,neg,ms2_spectra_ENDOneg/insilico/peakfiles_ms2/Peaks_030.txt,no ms1 peaks in QC,no mass from CAMERA,/Users/mahnoorzulfiqar/OneDriveUNI/GitHub-Repos/MAW/cwl/ms2_spectra_ENDOneg/insilico/SIRIUS/no_isotope/coconut_results_for_negM365R319ID30_structure.csv
30,31,31,endo_negM341R317ID31,341.196380615234,317.307933,317.307933,297096.0778809,30,neg,ms2_spectra_ENDOneg/insilico/peakfiles_ms2/Peaks_031.txt,no ms1 peaks in QC,no mass from CAMERA,
31,32,32,endo_negM309R350ID32,309.206634521484,350.280801,350.2890225,5310327.030273,30,neg,ms2_spectra_ENDOneg/insilico/peakfiles_ms2/Peaks_032.txt,no ms1 peaks in QC,no mass from CAMERA,
32,33,33,endo_negM263R355ID33,263.164672851563,355.117887,354.6956415,648013.6765137,30,neg,ms2_spectra_ENDOneg/insilico/peakfiles_ms2/Peaks_033.txt,no ms1 peaks in QC,no mass from CAMERA,
33,34,34,endo_negM547R333ID34,547.220947265625,332.594949,332.594949,1132607.90332,30,neg,ms2_spectra_ENDOneg/insilico/peakfiles_ms2/Peaks_034.txt,no ms1 peaks in QC,no mass from CAMERA,/Users/mahnoorzulfiqar/OneDriveUNI/GitHub-Repos/MAW/cwl/ms2_spectra_ENDOneg/insilico/SIRIUS/no_isotope/coconut_results_for_negM547R333ID34_structure.csv
34,35,35,endo_negM263R343ID35,263.164733886719,342.806682,346.244318,175745.8129883,30,neg,ms2_spectra_ENDOneg/insilico/peakfiles_ms2/Peaks_035.txt,no ms1 peaks in QC,no mass from CAMERA,
35,36,36,endo_negM519R334ID36,519.235656738281,333.506874,333.506874,342661.1801758,30,neg,ms2_spectra_ENDOneg/insilico/peakfiles_ms2/Peaks_036.txt,no ms1 peaks in QC,no mass from CAMERA,/Users/mahnoorzulfiqar/OneDriveUNI/GitHub-Repos/MAW/cwl/ms2_spectra_ENDOneg/insilico/SIRIUS/no_isotope/coconut_results_for_negM519R334ID36_formula.csv
36,37,37,endo_negM529R335ID37,529.264282226563,335.051496,335.051496,4283916.445313,30,neg,ms2_spectra_ENDOneg/insilico/peakfiles_ms2/Peaks_037.txt,no ms1 peaks in QC,no mass from CAMERA,
37,38,38,endo_negM597R338ID38,597.251342773438,338.001594,338.001594,282551.0786133,30,neg,ms2_spectra_ENDOneg/insilico/peakfiles_ms2/Peaks_038.txt,no ms1 peaks in QC,no mass from CAMERA,/Users/mahnoorzulfiqar/OneDriveUNI/GitHub-Repos/MAW/cwl/ms2_spectra_ENDOneg/insilico/SIRIUS/no_isotope/coconut_results_for_negM597R338ID38_structure.csv
38,39,39,endo_negM695R340ID39,695.347900390625,339.525588,339.525588,837952.4516602,30,neg,ms2_spectra_ENDOneg/insilico/peakfiles_ms2/Peaks_039.txt,no ms1 peaks in QC,no mass from CAMERA,/Users/mahnoorzulfiqar/OneDriveUNI/GitHub-Repos/MAW/cwl/ms2_spectra_ENDOneg/insilico/SIRIUS/no_isotope/coconut_results_for_negM695R340ID39_structure.csv
39,40,40,endo_negM241R434ID40,241.180557250977,434.179233,427.897479,801702.8886719,30,neg,ms2_spectra_ENDOneg/insilico/peakfiles_ms2/Peaks_040.txt,no ms1 peaks in QC,no mass from CAMERA,
40,41,41,endo_negM265R378ID41,265.180389404297,378.405903,376.3881135,1095601.615967,30,neg,ms2_spectra_ENDOneg/insilico/peakfiles_ms2/Peaks_041.txt,no ms1 peaks in QC,no mass from CAMERA,
41,42,42,endo_negM325R348ID42,325.201385498047,348.427767,348.427767,383697.239502,30,neg,ms2_spectra_ENDOneg/insilico/peakfiles_ms2/Peaks_042.txt,no ms1 peaks in QC,no mass from CAMERA,
42,43,43,endo_negM531R353ID43,531.280090332031,352.631862,353.11924,1564993.324463,30,neg,ms2_spectra_ENDOneg/insilico/peakfiles_ms2/Peaks_043.txt,no ms1 peaks in QC,no mass from CAMERA,/Users/mahnoorzulfiqar/OneDriveUNI/GitHub-Repos/MAW/cwl/ms2_spectra_ENDOneg/insilico/SIRIUS/no_isotope/coconut_results_for_negM531R353ID43_structure.csv
43,44,44,endo_negM671R352ID44,671.348388671875,352.497492,352.497492,64078.923828125,30,neg,ms2_spectra_ENDOneg/insilico/peakfiles_ms2/Peaks_044.txt,no ms1 peaks in QC,no mass from CAMERA,/Users/mahnoorzulfiqar/OneDriveUNI/GitHub-Repos/MAW/cwl/ms2_spectra_ENDOneg/insilico/SIRIUS/no_isotope/coconut_results_for_negM671R352ID44_structure.csv
44,45,45,endo_negM548R357ID45,548.270080566406,357.380079,357.380079,428678.2226562,30,neg,ms2_spectra_ENDOneg/insilico/peakfiles_ms2/Peaks_045.txt,no ms1 peaks in QC,no mass from CAMERA,
45,46,46,endo_negM507R357ID46,507.280426025391,357.415578,357.415578,223370.7719727,30,neg,ms2_spectra_ENDOneg/insilico/peakfiles_ms2/Peaks_046.txt,no ms1 peaks in QC,no mass from CAMERA,
46,47,47,endo_negM560R365ID47,560.298400878906,365.439018,365.505476,380748.0761719,30,neg,ms2_spectra_ENDOneg/insilico/peakfiles_ms2/Peaks_047.txt,no ms1 peaks in QC,no mass from CAMERA,
47,48,48,endo_negM333R367ID48,333.206695556641,367.166388,367.703006,684911.8469238,30,neg,ms2_spectra_ENDOneg/insilico/peakfiles_ms2/Peaks_048.txt,no ms1 peaks in QC,no mass from CAMERA,/Users/mahnoorzulfiqar/OneDriveUNI/GitHub-Repos/MAW/cwl/ms2_spectra_ENDOneg/insilico/SIRIUS/no_isotope/coconut_results_for_negM333R367ID48_structure.csv
48,49,49,endo_negM575R374ID49,575.251586914063,373.591215,373.591215,4035283.930664,30,neg,ms2_spectra_ENDOneg/insilico/peakfiles_ms2/Peaks_049.txt,no ms1 peaks in QC,no mass from CAMERA,
49,50,50,endo_negM377R378ID50,377.193634033203,378.380424,378.932878,590532.5026855,30,neg,ms2_spectra_ENDOneg/insilico/peakfiles_ms2/Peaks_050.txt,no ms1 peaks in QC,no mass from CAMERA,
50,51,51,endo_negM523R378ID51,523.266967773438,377.539926,377.539926,627591.9375,30,neg,ms2_spectra_ENDOneg/insilico/peakfiles_ms2/Peaks_051.txt,no ms1 peaks in QC,no mass from CAMERA,/Users/mahnoorzulfiqar/OneDriveUNI/GitHub-Repos/MAW/cwl/ms2_spectra_ENDOneg/insilico/SIRIUS/no_isotope/coconut_results_for_negM523R378ID51_structure.csv
51,52,52,endo_negM551R384ID52,551.252319335938,384.103707,384.103707,216558.5849609,30,neg,ms2_spectra_ENDOneg/insilico/peakfiles_ms2/Peaks_052.txt,no ms1 peaks in QC,no mass from CAMERA,
52,53,53,endo_negM586R386ID53,586.313903808594,385.70694,385.70694,928946.8310547,30,neg,ms2_spectra_ENDOneg/insilico/peakfiles_ms2/Peaks_053.txt,no ms1 peaks in QC,no mass from CAMERA,/Users/mahnoorzulfiqar/OneDriveUNI/GitHub-Repos/MAW/cwl/ms2_spectra_ENDOneg/insilico/SIRIUS/no_isotope/coconut_results_for_negM586R386ID53_structure.csv
53,54,54,endo_negM606R394ID54,606.363159179688,393.777432,393.777432,218314.0644531,30,neg,ms2_spectra_ENDOneg/insilico/peakfiles_ms2/Peaks_054.txt,no ms1 peaks in QC,no mass from CAMERA,/Users/mahnoorzulfiqar/OneDriveUNI/GitHub-Repos/MAW/cwl/ms2_spectra_ENDOneg/insilico/SIRIUS/no_isotope/coconut_results_for_negM606R394ID54_structure.csv
54,55,55,endo_negM337R392ID55,337.199096679688,391.500462,391.500462,547779.3032227,30,neg,ms2_spectra_ENDOneg/insilico/peakfiles_ms2/Peaks_055.txt,no ms1 peaks in QC,no mass from CAMERA,
55,56,56,endo_negM369R393ID56,369.136413574219,393.056568,393.056568,49758.3957519531,30,neg,ms2_spectra_ENDOneg/insilico/peakfiles_ms2/Peaks_056.txt,no ms1 peaks in QC,no mass from CAMERA,/Users/mahnoorzulfiqar/OneDriveUNI/GitHub-Repos/MAW/cwl/ms2_spectra_ENDOneg/insilico/SIRIUS/no_isotope/coconut_results_for_negM369R393ID56_structure.csv
56,57,57,endo_negM499R395ID57,499.266998291016,394.635546,394.635546,614100.2792969,30,neg,ms2_spectra_ENDOneg/insilico/peakfiles_ms2/Peaks_057.txt,no ms1 peaks in QC,no mass from CAMERA,/Users/mahnoorzulfiqar/OneDriveUNI/GitHub-Repos/MAW/cwl/ms2_spectra_ENDOneg/insilico/SIRIUS/no_isotope/coconut_results_for_negM499R395ID57_formula.csv
57,58,58,endo_negM535R405ID58,535.3115234375,405.239982,404.426013,1390679.654541,30,neg,ms2_spectra_ENDOneg/insilico/peakfiles_ms2/Peaks_058.txt,no ms1 peaks in QC,no mass from CAMERA,/Users/mahnoorzulfiqar/OneDriveUNI/GitHub-Repos/MAW/cwl/ms2_spectra_ENDOneg/insilico/SIRIUS/no_isotope/coconut_results_for_negM535R405ID58_structure.csv
58,59,59,endo_negM317R403ID59,317.211669921875,403.455921,403.455921,1151634.329834,30,neg,ms2_spectra_ENDOneg/insilico/peakfiles_ms2/Peaks_059.txt,no ms1 peaks in QC,no mass from CAMERA,/Users/mahnoorzulfiqar/OneDriveUNI/GitHub-Repos/MAW/cwl/ms2_spectra_ENDOneg/insilico/SIRIUS/no_isotope/coconut_results_for_negM317R403ID59_structure.csv
59,60,60,endo_negM553R413ID60,553.267883300781,412.807806,412.758584,294264.0983887,30,neg,ms2_spectra_ENDOneg/insilico/peakfiles_ms2/Peaks_060.txt,no ms1 peaks in QC,no mass from CAMERA,
60,61,61,endo_negM229R419ID61,229.180526733398,419.471124,419.456326,512575.0805664,30,neg,ms2_spectra_ENDOneg/insilico/peakfiles_ms2/Peaks_061.txt,no ms1 peaks in QC,no mass from CAMERA,
61,62,62,endo_negM564R420ID62,564.329467773438,420.350364,420.350364,310927.4855957,30,neg,ms2_spectra_ENDOneg/insilico/peakfiles_ms2/Peaks_062.txt,no ms1 peaks in QC,no mass from CAMERA,
62,63,63,endo_negM267R397ID63,267.196136474609,397.377951,397.0142055,294595.8918457,30,neg,ms2_spectra_ENDOneg/insilico/peakfiles_ms2/Peaks_063.txt,no ms1 peaks in QC,no mass from CAMERA,
63,64,64,endo_negM247R430ID64,247.169815063477,430.120224,430.120224,378182.8095703,30,neg,ms2_spectra_ENDOneg/insilico/peakfiles_ms2/Peaks_064.txt,no ms1 peaks in QC,no mass from CAMERA,
64,65,65,endo_negM315R433ID65,315.157257080078,432.558396,432.558396,1169030.625732,30,neg,ms2_spectra_ENDOneg/insilico/peakfiles_ms2/Peaks_065.txt,no ms1 peaks in QC,no mass from CAMERA,
65,66,66,endo_negM376R431ID66,376.097503662109,430.887282,430.887282,318063.652832,30,neg,ms2_spectra_ENDOneg/insilico/peakfiles_ms2/Peaks_066.txt,no ms1 peaks in QC,no mass from CAMERA,
66,67,67,endo_negM529R433ID67,529.256164550781,432.63489,432.63489,549046.8198242,30,neg,ms2_spectra_ENDOneg/insilico/peakfiles_ms2/Peaks_067.txt,no ms1 peaks in QC,no mass from CAMERA,/Users/mahnoorzulfiqar/OneDriveUNI/GitHub-Repos/MAW/cwl/ms2_spectra_ENDOneg/insilico/SIRIUS/no_isotope/coconut_results_for_negM529R433ID67_structure.csv
67,68,68,endo_negM669R440ID68,669.1826171875,439.816968,439.816968,517110.515625,30,neg,ms2_spectra_ENDOneg/insilico/peakfiles_ms2/Peaks_068.txt,no ms1 peaks in QC,no mass from CAMERA,/Users/mahnoorzulfiqar/OneDriveUNI/GitHub-Repos/MAW/cwl/ms2_spectra_ENDOneg/insilico/SIRIUS/no_isotope/coconut_results_for_negM669R440ID68_structure.csv
68,69,69,endo_negM727R441ID69,727.187561035156,441.386454,441.386454,398041.8156738,30,neg,ms2_spectra_ENDOneg/insilico/peakfiles_ms2/Peaks_069.txt,no ms1 peaks in QC,no mass from CAMERA,/Users/mahnoorzulfiqar/OneDriveUNI/GitHub-Repos/MAW/cwl/ms2_spectra_ENDOneg/insilico/SIRIUS/no_isotope/coconut_results_for_negM727R441ID69_structure.csv
69,70,70,endo_negM481R456ID70,481.256225585938,456.49632,454.2263964,1404972.71582,30,neg,ms2_spectra_ENDOneg/insilico/peakfiles_ms2/Peaks_070.txt,no ms1 peaks in QC,no mass from CAMERA,/Users/mahnoorzulfiqar/OneDriveUNI/GitHub-Repos/MAW/cwl/ms2_spectra_ENDOneg/insilico/SIRIUS/no_isotope/coconut_results_for_negM481R456ID70_structure.csv
70,71,71,endo_negM311R449ID71,311.182983398438,449.405022,449.405022,992924.9001465,30,neg,ms2_spectra_ENDOneg/insilico/peakfiles_ms2/Peaks_071.txt,no ms1 peaks in QC,no mass from CAMERA,/Users/mahnoorzulfiqar/OneDriveUNI/GitHub-Repos/MAW/cwl/ms2_spectra_ENDOneg/insilico/SIRIUS/no_isotope/coconut_results_for_negM311R449ID71_structure.csv
71,72,72,endo_negM537R453ID72,537.326965332031,452.594811,452.594811,449448.921875,30,neg,ms2_spectra_ENDOneg/insilico/peakfiles_ms2/Peaks_072.txt,no ms1 peaks in QC,no mass from CAMERA,
72,73,73,endo_negM249R454ID73,249.185440063477,454.154112,454.154112,1297062.999512,30,neg,ms2_spectra_ENDOneg/insilico/peakfiles_ms2/Peaks_073.txt,no ms1 peaks in QC,no mass from CAMERA,
73,74,74,endo_negM273R460ID74,273.185485839844,459.67296,457.668596,553376.3417969,30,neg,ms2_spectra_ENDOneg/insilico/peakfiles_ms2/Peaks_074.txt,no ms1 peaks in QC,no mass from CAMERA,/Users/mahnoorzulfiqar/OneDriveUNI/GitHub-Repos/MAW/cwl/ms2_spectra_ENDOneg/insilico/SIRIUS/no_isotope/coconut_results_for_negM273R460ID74_structure.csv
74,75,75,endo_negM349R455ID75,349.110473632813,455.015604,455.015604,256963.828125,30,neg,ms2_spectra_ENDOneg/insilico/peakfiles_ms2/Peaks_075.txt,no ms1 peaks in QC,no mass from CAMERA,/Users/mahnoorzulfiqar/OneDriveUNI/GitHub-Repos/MAW/cwl/ms2_spectra_ENDOneg/insilico/SIRIUS/no_isotope/coconut_results_for_negM349R455ID75_structure.csv
75,76,76,endo_negM287R468ID76,287.201232910156,467.564262,468.067172,544737.8161621,30,neg,ms2_spectra_ENDOneg/insilico/peakfiles_ms2/Peaks_076.txt,no ms1 peaks in QC,no mass from CAMERA,
76,77,77,endo_negM275R469ID77,275.201202392578,469.100373,469.100373,7265497.578613,30,neg,ms2_spectra_ENDOneg/insilico/peakfiles_ms2/Peaks_077.txt,no ms1 peaks in QC,no mass from CAMERA,
77,78,78,endo_negM343R472ID78,343.188232421875,472.152477,472.152477,895153.2841797,30,neg,ms2_spectra_ENDOneg/insilico/peakfiles_ms2/Peaks_078.txt,no ms1 peaks in QC,no mass from CAMERA,/Users/mahnoorzulfiqar/OneDriveUNI/GitHub-Repos/MAW/cwl/ms2_spectra_ENDOneg/insilico/SIRIUS/no_isotope/coconut_results_for_negM343R472ID78_structure.csv
78,79,79,endo_negM555R479ID79,555.282836914063,479.051046,479.051046,291148.8007812,30,neg,ms2_spectra_ENDOneg/insilico/peakfiles_ms2/Peaks_079.txt,no ms1 peaks in QC,no mass from CAMERA,/Users/mahnoorzulfiqar/OneDriveUNI/GitHub-Repos/MAW/cwl/ms2_spectra_ENDOneg/insilico/SIRIUS/no_isotope/coconut_results_for_negM555R479ID79_structure.csv
79,80,80,endo_negM257R481ID80,257.211791992188,481.293906,481.293906,987299.7641602,30,neg,ms2_spectra_ENDOneg/insilico/peakfiles_ms2/Peaks_080.txt,no ms1 peaks in QC,no mass from CAMERA,/Users/mahnoorzulfiqar/OneDriveUNI/GitHub-Repos/MAW/cwl/ms2_spectra_ENDOneg/insilico/SIRIUS/no_isotope/coconut_results_for_negM257R481ID80_formula.csv
80,81,81,endo_negM269R480ID81,269.211761474609,479.806296,450.697878,203924.8745117,30,neg,ms2_spectra_ENDOneg/insilico/peakfiles_ms2/Peaks_081.txt,no ms1 peaks in QC,no mass from CAMERA,/Users/mahnoorzulfiqar/OneDriveUNI/GitHub-Repos/MAW/cwl/ms2_spectra_ENDOneg/insilico/SIRIUS/no_isotope/coconut_results_for_negM269R480ID81_formula.csv
81,82,82,endo_negM625R487ID82,625.422241210938,486.607056,486.607056,34771.1733398438,30,neg,ms2_spectra_ENDOneg/insilico/peakfiles_ms2/Peaks_082.txt,no ms1 peaks in QC,no mass from CAMERA,/Users/mahnoorzulfiqar/OneDriveUNI/GitHub-Repos/MAW/cwl/ms2_spectra_ENDOneg/insilico/SIRIUS/no_isotope/coconut_results_for_negM625R487ID82_structure.csv
82,83,83,endo_negM269R487ID83,269.211791992188,487.401246,479.6197884,1290373.907715,30,neg,ms2_spectra_ENDOneg/insilico/peakfiles_ms2/Peaks_083.txt,no ms1 peaks in QC,no mass from CAMERA,
83,84,84,endo_negM301R489ID84,301.216674804688,488.869104,488.869104,40543835.65039,30,neg,ms2_spectra_ENDOneg/insilico/peakfiles_ms2/Peaks_084.txt,no ms1 peaks in QC,no mass from CAMERA,
84,85,85,endo_negM289R495ID85,289.216827392578,494.959443,494.959443,470791.637207,30,neg,ms2_spectra_ENDOneg/insilico/peakfiles_ms2/Peaks_085.txt,no ms1 peaks in QC,no mass from CAMERA,
85,86,86,endo_negM315R503ID86,315.232574462891,502.596894,502.591298,537631.4785156,30,neg,ms2_spectra_ENDOneg/insilico/peakfiles_ms2/Peaks_086.txt,no ms1 peaks in QC,no mass from CAMERA,
86,87,87,endo_negM395R504ID87,395.219329833984,504.041364,504.566694,1256230.212891,30,neg,ms2_spectra_ENDOneg/insilico/peakfiles_ms2/Peaks_087.txt,no ms1 peaks in QC,no mass from CAMERA,/Users/mahnoorzulfiqar/OneDriveUNI/GitHub-Repos/MAW/cwl/ms2_spectra_ENDOneg/insilico/SIRIUS/no_isotope/coconut_results_for_negM395R504ID87_structure.csv
87,88,88,endo_negM277R503ID88,277.216735839844,503.25537,503.25537,882889.9150391,30,neg,ms2_spectra_ENDOneg/insilico/peakfiles_ms2/Peaks_088.txt,no ms1 peaks in QC,no mass from CAMERA,
88,89,89,endo_negM327R515ID89,327.126251220703,514.812354,514.401168,1416277.726562,30,neg,ms2_spectra_ENDOneg/insilico/peakfiles_ms2/Peaks_089.txt,no ms1 peaks in QC,no mass from CAMERA,/Users/mahnoorzulfiqar/OneDriveUNI/GitHub-Repos/MAW/cwl/ms2_spectra_ENDOneg/insilico/SIRIUS/no_isotope/coconut_results_for_negM327R515ID89_structure.csv
89,90,90,endo_negM303R516ID90,303.232421875,516.290649,516.3043995,461848.1557617,30,neg,ms2_spectra_ENDOneg/insilico/peakfiles_ms2/Peaks_090.txt,no ms1 peaks in QC,no mass from CAMERA,
90,91,91,endo_negM329R529ID91,329.247894287109,529.127628,529.495965,506831.390625,30,neg,ms2_spectra_ENDOneg/insilico/peakfiles_ms2/Peaks_091.txt,no ms1 peaks in QC,no mass from CAMERA,
91,92,92,endo_negM1045R534ID92,1045.44287109375,533.739963,533.7502425,566962.2744141,30,neg,ms2_spectra_ENDOneg/insilico/peakfiles_ms2/Peaks_092.txt,no ms1 peaks in QC,no mass from CAMERA,/Users/mahnoorzulfiqar/OneDriveUNI/GitHub-Repos/MAW/cwl/ms2_spectra_ENDOneg/insilico/SIRIUS/no_isotope/coconut_results_for_negM1045R534ID92_formula.csv
92,93,93,endo_negM253R538ID93,253.216918945313,538.405422,531.760539,4203734.149902,30,neg,ms2_spectra_ENDOneg/insilico/peakfiles_ms2/Peaks_093.txt,no ms1 peaks in QC,no mass from CAMERA,/Users/mahnoorzulfiqar/OneDriveUNI/GitHub-Repos/MAW/cwl/ms2_spectra_ENDOneg/insilico/SIRIUS/no_isotope/coconut_results_for_negM253R538ID93_formula.csv
93,94,94,endo_negM327R551ID94,327.289794921875,550.7244,550.749604,843163.7177734,30,neg,ms2_spectra_ENDOneg/insilico/peakfiles_ms2/Peaks_094.txt,no ms1 peaks in QC,no mass from CAMERA,/Users/mahnoorzulfiqar/OneDriveUNI/GitHub-Repos/MAW/cwl/ms2_spectra_ENDOneg/insilico/SIRIUS/no_isotope/coconut_results_for_negM327R551ID94_formula.csv
94,95,95,endo_negM761R552ID95,761.446472167969,552.372522,552.411518,2285833.0,30,neg,ms2_spectra_ENDOneg/insilico/peakfiles_ms2/Peaks_095.txt,no ms1 peaks in QC,no mass from CAMERA,
95,96,96,endo_negM833R552ID96,833.376159667969,551.573013,551.573013,219826.2607422,30,neg,ms2_spectra_ENDOneg/insilico/peakfiles_ms2/Peaks_096.txt,no ms1 peaks in QC,no mass from CAMERA,
96,97,97,endo_negM811R565ID97,811.461608886719,564.864675,565.6781055,1872616.5625,30,neg,ms2_spectra_ENDOneg/insilico/peakfiles_ms2/Peaks_097.txt,no ms1 peaks in QC,no mass from CAMERA,
97,98,98,endo_negM813R572ID98,813.4775390625,572.106378,572.07566,2333045.124268,30,neg,ms2_spectra_ENDOneg/insilico/peakfiles_ms2/Peaks_098.txt,no ms1 peaks in QC,no mass from CAMERA,
98,99,99,endo_negM885R574ID99,885.407287597656,573.678102,573.628766,527329.1499023,30,neg,ms2_spectra_ENDOneg/insilico/peakfiles_ms2/Peaks_099.txt,no ms1 peaks in QC,no mass from CAMERA,/Users/mahnoorzulfiqar/OneDriveUNI/GitHub-Repos/MAW/cwl/ms2_spectra_ENDOneg/insilico/SIRIUS/no_isotope/coconut_results_for_negM885R574ID99_formula.csv
99,100,100,endo_negM763R580ID100,763.462158203125,579.948426,578.955726,1164051.591797,30,neg,ms2_spectra_ENDOneg/insilico/peakfiles_ms2/Peaks_0100.txt,no ms1 peaks in QC,no mass from CAMERA,
100,101,101,endo_negM179R14ID101,178.977554321289,13.6841586,13.65190725,1812651.710449,30,neg,ms2_spectra_ENDOneg/insilico/peakfiles_ms2/Peaks_0101.txt,no ms1 peaks in QC,no mass from CAMERA,
101,102,102,endo_negM147R15ID102,146.938491821289,15.2520843,15.2082069,1729262.330566,30,neg,ms2_spectra_ENDOneg/insilico/peakfiles_ms2/Peaks_0102.txt,no ms1 peaks in QC,no mass from CAMERA,/Users/mahnoorzulfiqar/OneDriveUNI/GitHub-Repos/MAW/cwl/ms2_spectra_ENDOneg/insilico/SIRIUS/no_isotope/coconut_results_for_negM147R15ID102_formula.csv
102,103,103,endo_negM215R38ID103,215.032424926758,37.7944833,37.7944833,2910720.347656,30,neg,ms2_spectra_ENDOneg/insilico/peakfiles_ms2/Peaks_0103.txt,no ms1 peaks in QC,no mass from CAMERA,/Users/mahnoorzulfiqar/OneDriveUNI/GitHub-Repos/MAW/cwl/ms2_spectra_ENDOneg/insilico/SIRIUS/no_isotope/coconut_results_for_negM215R38ID103_structure.csv
103,104,104,endo_negM289R39ID104,289.069061279297,39.2080329,39.2080329,1400785.306641,30,neg,ms2_spectra_ENDOneg/insilico/peakfiles_ms2/Peaks_0104.txt,no ms1 peaks in QC,no mass from CAMERA,
104,105,105,endo_negM377R41ID105,377.084808349609,40.6479579,40.6479579,1386825.671875,30,neg,ms2_spectra_ENDOneg/insilico/peakfiles_ms2/Peaks_0105.txt,no ms1 peaks in QC,no mass from CAMERA,/Users/mahnoorzulfiqar/OneDriveUNI/GitHub-Repos/MAW/cwl/ms2_spectra_ENDOneg/insilico/SIRIUS/no_isotope/coconut_results_for_negM377R41ID105_structure.csv
105,106,106,endo_negM155R42ID106,155.001647949219,42.0798858,42.0798858,14245575.50391,30,neg,ms2_spectra_ENDOneg/insilico/peakfiles_ms2/Peaks_0106.txt,no ms1 peaks in QC,no mass from CAMERA,
106,107,107,endo_negM211R40ID107,210.953979492188,39.9022776,39.9022776,5275223.886719,30,neg,ms2_spectra_ENDOneg/insilico/peakfiles_ms2/Peaks_0107.txt,no ms1 peaks in QC,no mass from CAMERA,
107,108,108,endo_negM161R52ID108,161.045227050781,51.7625619,51.8101263,6145809.955078,30,neg,ms2_spectra_ENDOneg/insilico/peakfiles_ms2/Peaks_0108.txt,no ms1 peaks in QC,no mass from CAMERA,
108,109,109,endo_negM167R53ID109,167.020721435547,53.3096814,53.3160231,2021887.460938,30,neg,ms2_spectra_ENDOneg/insilico/peakfiles_ms2/Peaks_0109.txt,no ms1 peaks in QC,no mass from CAMERA,
109,110,110,endo_negM665R64ID110,665.212646484375,63.74178,63.78450525,251214.2382812,30,neg,ms2_spectra_ENDOneg/insilico/peakfiles_ms2/Peaks_0110.txt,no ms1 peaks in QC,no mass from CAMERA,/Users/mahnoorzulfiqar/OneDriveUNI/GitHub-Repos/MAW/cwl/ms2_spectra_ENDOneg/insilico/SIRIUS/no_isotope/coconut_results_for_negM665R64ID110_structure.csv
110,111,111,endo_negM763R65ID111,763.179870605469,65.290152,65.289306,337899.9414063,30,neg,ms2_spectra_ENDOneg/insilico/peakfiles_ms2/Peaks_0111.txt,no ms1 peaks in QC,no mass from CAMERA,
111,112,112,endo_negM131R103ID112,131.034713745117,102.918741,102.915651,626336.4414063,30,neg,ms2_spectra_ENDOneg/insilico/peakfiles_ms2/Peaks_0112.txt,no ms1 peaks in QC,no mass from CAMERA,/Users/mahnoorzulfiqar/OneDriveUNI/GitHub-Repos/MAW/cwl/ms2_spectra_ENDOneg/insilico/SIRIUS/no_isotope/coconut_results_for_negM131R103ID112_formula.csv
112,113,113,endo_negM197R120ID113,196.91015625,120.292116,120.288429,12610276.05713,30,neg,ms2_spectra_ENDOneg/insilico/peakfiles_ms2/Peaks_0113.txt,no ms1 peaks in QC,no mass from CAMERA,
113,114,114,endo_negM171R159ID114,171.011840820313,159.113082,159.11626725,2333502.879395,30,neg,ms2_spectra_ENDOneg/insilico/peakfiles_ms2/Peaks_0114.txt,no ms1 peaks in QC,no mass from CAMERA,
114,115,115,endo_negM199R246ID115,199.097274780273,245.812818,245.8006575,1292288.796875,30,neg,ms2_spectra_ENDOneg/insilico/peakfiles_ms2/Peaks_0115.txt,no ms1 peaks in QC,no mass from CAMERA,
115,116,116,endo_negM301R247ID116,301.201538085938,247.386426,247.428987,295474.3063965,30,neg,ms2_spectra_ENDOneg/insilico/peakfiles_ms2/Peaks_0116.txt,no ms1 peaks in QC,no mass from CAMERA,
116,117,117,endo_negM193R284ID117,193.123001098633,284.156973,284.156973,852452.6057129,30,neg,ms2_spectra_ENDOneg/insilico/peakfiles_ms2/Peaks_0117.txt,no ms1 peaks in QC,no mass from CAMERA,
117,118,118,endo_negM223R286ID118,223.133666992188,285.732327,285.732327,2594981.717529,30,neg,ms2_spectra_ENDOneg/insilico/peakfiles_ms2/Peaks_0118.txt,no ms1 peaks in QC,no mass from CAMERA,
118,119,119,endo_negM237R295ID119,237.112915039063,294.748632,294.747134,957873.3242188,30,neg,ms2_spectra_ENDOneg/insilico/peakfiles_ms2/Peaks_0119.txt,no ms1 peaks in QC,no mass from CAMERA,
119,120,120,endo_negM381R295ID120,381.191314697266,294.82989,294.82989,671696.5744629,30,neg,ms2_spectra_ENDOneg/insilico/peakfiles_ms2/Peaks_0120.txt,no ms1 peaks in QC,no mass from CAMERA,
120,121,121,endo_negM591R303ID121,591.2470703125,303.059322,302.6934276,163800.8218994,30,neg,ms2_spectra_ENDOneg/insilico/peakfiles_ms2/Peaks_0121.txt,no ms1 peaks in QC,no mass from CAMERA,/Users/mahnoorzulfiqar/OneDriveUNI/GitHub-Repos/MAW/cwl/ms2_spectra_ENDOneg/insilico/SIRIUS/no_isotope/coconut_results_for_negM591R303ID121_structure.csv
121,122,122,endo_negM249R314ID122,249.14924621582,313.652988,314.170406,715192.3966064,30,neg,ms2_spectra_ENDOneg/insilico/peakfiles_ms2/Peaks_0122.txt,no ms1 peaks in QC,no mass from CAMERA,
122,123,123,endo_negM283R320ID123,283.191131591797,320.1057,320.093034,238919.8033447,30,neg,ms2_spectra_ENDOneg/insilico/peakfiles_ms2/Peaks_0123.txt,no ms1 peaks in QC,no mass from CAMERA,
123,124,124,endo_negM317R327ID124,317.152130126953,326.692788,326.120658,1206245.111816,30,neg,ms2_spectra_ENDOneg/insilico/peakfiles_ms2/Peaks_0124.txt,no ms1 peaks in QC,no mass from CAMERA,
124,125,125,endo_negM349R330ID125,349.201538085938,329.881122,329.881122,34960.5437011719,30,neg,ms2_spectra_ENDOneg/insilico/peakfiles_ms2/Peaks_0125.txt,no ms1 peaks in QC,no mass from CAMERA,/Users/mahnoorzulfiqar/OneDriveUNI/GitHub-Repos/MAW/cwl/ms2_spectra_ENDOneg/insilico/SIRIUS/no_isotope/coconut_results_for_negM349R330ID125_structure.csv
125,126,126,endo_negM505R332ID126,505.264678955078,331.586118,331.586118,78059.255859375,30,neg,ms2_spectra_ENDOneg/insilico/peakfiles_ms2/Peaks_0126.txt,no ms1 peaks in QC,no mass from CAMERA,
126,127,127,endo_negM529R333ID127,529.26416015625,333.180096,333.180096,1930656.269043,30,neg,ms2_spectra_ENDOneg/insilico/peakfiles_ms2/Peaks_0127.txt,no ms1 peaks in QC,no mass from CAMERA,/Users/mahnoorzulfiqar/OneDriveUNI/GitHub-Repos/MAW/cwl/ms2_spectra_ENDOneg/insilico/SIRIUS/no_isotope/coconut_results_for_negM529R333ID127_structure.csv
127,128,128,endo_negM546R335ID128,546.254211425781,334.737588,334.737588,310183.7568359,30,neg,ms2_spectra_ENDOneg/insilico/peakfiles_ms2/Peaks_0128.txt,no ms1 peaks in QC,no mass from CAMERA,/Users/mahnoorzulfiqar/OneDriveUNI/GitHub-Repos/MAW/cwl/ms2_spectra_ENDOneg/insilico/SIRIUS/no_isotope/coconut_results_for_negM546R335ID128_structure.csv
128,129,129,endo_negM777R336ID129,777.440673828125,336.391584,336.391584,146554.515625,30,neg,ms2_spectra_ENDOneg/insilico/peakfiles_ms2/Peaks_0129.txt,no ms1 peaks in QC,no mass from CAMERA,/Users/mahnoorzulfiqar/OneDriveUNI/GitHub-Repos/MAW/cwl/ms2_spectra_ENDOneg/insilico/SIRIUS/no_isotope/coconut_results_for_negM777R336ID129_structure.csv
129,130,130,endo_negM279R338ID130,279.159759521484,337.875066,337.875066,78269.2099609375,30,neg,ms2_spectra_ENDOneg/insilico/peakfiles_ms2/Peaks_0130.txt,no ms1 peaks in QC,no mass from CAMERA,
130,131,131,endo_negM298R339ID131,298.173400878906,339.39255,339.39255,694429.748291,30,neg,ms2_spectra_ENDOneg/insilico/peakfiles_ms2/Peaks_0131.txt,no ms1 peaks in QC,no mass from CAMERA,/Users/mahnoorzulfiqar/OneDriveUNI/GitHub-Repos/MAW/cwl/ms2_spectra_ENDOneg/insilico/SIRIUS/no_isotope/coconut_results_for_negM298R339ID131_structure.csv
131,132,132,endo_negM325R341ID132,325.201354980469,340.955796,340.955796,229933.9245605,30,neg,ms2_spectra_ENDOneg/insilico/peakfiles_ms2/Peaks_0132.txt,no ms1 peaks in QC,no mass from CAMERA,
132,133,133,endo_negM339R343ID133,339.216888427734,342.708918,342.708918,439414.345459,30,neg,ms2_spectra_ENDOneg/insilico/peakfiles_ms2/Peaks_0133.txt,no ms1 peaks in QC,no mass from CAMERA,
133,134,134,endo_negM552R349ID134,552.317077636719,349.245858,349.245858,45205.0029296875,30,neg,ms2_spectra_ENDOneg/insilico/peakfiles_ms2/Peaks_0134.txt,no ms1 peaks in QC,no mass from CAMERA,
134,135,135,endo_negM261R346ID135,261.149200439453,345.923886,345.923886,87880.8159179688,30,neg,ms2_spectra_ENDOneg/insilico/peakfiles_ms2/Peaks_0135.txt,no ms1 peaks in QC,no mass from CAMERA,/Users/mahnoorzulfiqar/OneDriveUNI/GitHub-Repos/MAW/cwl/ms2_spectra_ENDOneg/insilico/SIRIUS/no_isotope/coconut_results_for_negM261R346ID135_structure.csv
135,136,136,endo_negM333R349ID136,333.206756591797,349.299234,349.299234,95026.1557617188,30,neg,ms2_spectra_ENDOneg/insilico/peakfiles_ms2/Peaks_0136.txt,no ms1 peaks in QC,no mass from CAMERA,/Users/mahnoorzulfiqar/OneDriveUNI/GitHub-Repos/MAW/cwl/ms2_spectra_ENDOneg/insilico/SIRIUS/no_isotope/coconut_results_for_negM333R349ID136_structure.csv
136,137,137,endo_negM521R356ID137,521.251525878906,355.764375,355.764375,108520.0397949,30,neg,ms2_spectra_ENDOneg/insilico/peakfiles_ms2/Peaks_0137.txt,no ms1 peaks in QC,no mass from CAMERA,/Users/mahnoorzulfiqar/OneDriveUNI/GitHub-Repos/MAW/cwl/ms2_spectra_ENDOneg/insilico/SIRIUS/no_isotope/coconut_results_for_negM521R356ID137_structure.csv
137,138,138,endo_negM549R353ID138,549.236511230469,352.621086,352.621086,95202.505859375,30,neg,ms2_spectra_ENDOneg/insilico/peakfiles_ms2/Peaks_0138.txt,no ms1 peaks in QC,no mass from CAMERA,/Users/mahnoorzulfiqar/OneDriveUNI/GitHub-Repos/MAW/cwl/ms2_spectra_ENDOneg/insilico/SIRIUS/no_isotope/coconut_results_for_negM549R353ID138_structure.csv
138,139,139,endo_negM599R356ID139,599.267150878906,355.684176,355.684176,168148.5419922,30,neg,ms2_spectra_ENDOneg/insilico/peakfiles_ms2/Peaks_0139.txt,no ms1 peaks in QC,no mass from CAMERA,/Users/mahnoorzulfiqar/OneDriveUNI/GitHub-Repos/MAW/cwl/ms2_spectra_ENDOneg/insilico/SIRIUS/no_isotope/coconut_results_for_negM599R356ID139_formula.csv
139,140,140,endo_negM311R359ID140,311.186065673828,359.009532,359.009532,1052437.499268,30,neg,ms2_spectra_ENDOneg/insilico/peakfiles_ms2/Peaks_0140.txt,no ms1 peaks in QC,no mass from CAMERA,
140,141,141,endo_negM555R362ID141,555.279907226563,362.399508,362.399508,1609013.969482,30,neg,ms2_spectra_ENDOneg/insilico/peakfiles_ms2/Peaks_0141.txt,no ms1 peaks in QC,no mass from CAMERA,
141,142,142,endo_negM536R367ID142,536.298583984375,367.277862,367.277862,520747.8845215,30,neg,ms2_spectra_ENDOneg/insilico/peakfiles_ms2/Peaks_0142.txt,no ms1 peaks in QC,no mass from CAMERA,
142,143,143,endo_negM547R369ID143,547.267150878906,368.876712,368.876712,60160.337890625,30,neg,ms2_spectra_ENDOneg/insilico/peakfiles_ms2/Peaks_0143.txt,no ms1 peaks in QC,no mass from CAMERA,
143,144,144,endo_negM557R370ID144,557.29541015625,370.432092,370.432092,2826260.907471,30,neg,ms2_spectra_ENDOneg/insilico/peakfiles_ms2/Peaks_0144.txt,no ms1 peaks in QC,no mass from CAMERA,/Users/mahnoorzulfiqar/OneDriveUNI/GitHub-Repos/MAW/cwl/ms2_spectra_ENDOneg/insilico/SIRIUS/no_isotope/coconut_results_for_negM557R370ID144_structure.csv
144,145,145,endo_negM574R372ID145,574.285400390625,372.149574,372.149574,408035.666748,30,neg,ms2_spectra_ENDOneg/insilico/peakfiles_ms2/Peaks_0145.txt,no ms1 peaks in QC,no mass from CAMERA,/Users/mahnoorzulfiqar/OneDriveUNI/GitHub-Repos/MAW/cwl/ms2_spectra_ENDOneg/insilico/SIRIUS/no_isotope/coconut_results_for_negM574R372ID145_structure.csv
145,146,146,endo_negM331R380ID146,331.190887451172,380.064006,380.064006,226106.2626953,30,neg,ms2_spectra_ENDOneg/insilico/peakfiles_ms2/Peaks_0146.txt,no ms1 peaks in QC,no mass from CAMERA,/Users/mahnoorzulfiqar/OneDriveUNI/GitHub-Repos/MAW/cwl/ms2_spectra_ENDOneg/insilico/SIRIUS/no_isotope/coconut_results_for_negM331R380ID146_structure.csv
146,147,147,endo_negM533R378ID147,533.295715332031,378.45801,378.45801,1913693.549316,30,neg,ms2_spectra_ENDOneg/insilico/peakfiles_ms2/Peaks_0147.txt,no ms1 peaks in QC,no mass from CAMERA,
147,148,148,endo_negM291R393ID148,291.196105957031,392.972475,392.972475,76743.9432373047,30,neg,ms2_spectra_ENDOneg/insilico/peakfiles_ms2/Peaks_0148.txt,no ms1 peaks in QC,no mass from CAMERA,
148,149,149,endo_negM317R390ID149,317.211700439453,389.671686,389.671686,858837.8425293,30,neg,ms2_spectra_ENDOneg/insilico/peakfiles_ms2/Peaks_0149.txt,no ms1 peaks in QC,no mass from CAMERA,
149,150,150,endo_negM509R391ID150,509.295623779297,391.437792,391.437792,2499018.072754,30,neg,ms2_spectra_ENDOneg/insilico/peakfiles_ms2/Peaks_0150.txt,no ms1 peaks in QC,no mass from CAMERA,/Users/mahnoorzulfiqar/OneDriveUNI/GitHub-Repos/MAW/cwl/ms2_spectra_ENDOneg/insilico/SIRIUS/no_isotope/coconut_results_for_negM509R391ID150_structure.csv
150,151,151,endo_negM527R397ID151,527.252136230469,397.009623,397.009623,1957824.544678,30,neg,ms2_spectra_ENDOneg/insilico/peakfiles_ms2/Peaks_0151.txt,no ms1 peaks in QC,no mass from CAMERA,
151,152,152,endo_negM538R399ID152,538.314086914063,398.674125,398.674125,777909.2602539,30,neg,ms2_spectra_ENDOneg/insilico/peakfiles_ms2/Peaks_0152.txt,no ms1 peaks in QC,no mass from CAMERA,
152,153,153,endo_negM583R396ID153,583.311218261719,396.130884,396.130884,21032.8146972656,30,neg,ms2_spectra_ENDOneg/insilico/peakfiles_ms2/Peaks_0153.txt,no ms1 peaks in QC,no mass from CAMERA,/Users/mahnoorzulfiqar/OneDriveUNI/GitHub-Repos/MAW/cwl/ms2_spectra_ENDOneg/insilico/SIRIUS/no_isotope/coconut_results_for_negM583R396ID153_structure.csv
153,154,154,endo_negM479R404ID154,479.240600585938,403.575141,403.575141,384279.2104492,30,neg,ms2_spectra_ENDOneg/insilico/peakfiles_ms2/Peaks_0154.txt,no ms1 peaks in QC,no mass from CAMERA,
154,155,155,endo_negM612R409ID155,612.329467773438,409.34166,408.807338,703100.9016113,30,neg,ms2_spectra_ENDOneg/insilico/peakfiles_ms2/Peaks_0155.txt,no ms1 peaks in QC,no mass from CAMERA,/Users/mahnoorzulfiqar/OneDriveUNI/GitHub-Repos/MAW/cwl/ms2_spectra_ENDOneg/insilico/SIRIUS/no_isotope/coconut_results_for_negM612R409ID155_structure.csv
155,156,156,endo_negM315R408ID156,315.196228027344,408.44379,408.44379,164314.732666,30,neg,ms2_spectra_ENDOneg/insilico/peakfiles_ms2/Peaks_0156.txt,no ms1 peaks in QC,no mass from CAMERA,/Users/mahnoorzulfiqar/OneDriveUNI/GitHub-Repos/MAW/cwl/ms2_spectra_ENDOneg/insilico/SIRIUS/no_isotope/coconut_results_for_negM315R408ID156_structure.csv
156,157,157,endo_negM713R418ID157,713.172241210938,417.860616,417.768688,723128.859375,30,neg,ms2_spectra_ENDOneg/insilico/peakfiles_ms2/Peaks_0157.txt,no ms1 peaks in QC,no mass from CAMERA,/Users/mahnoorzulfiqar/OneDriveUNI/GitHub-Repos/MAW/cwl/ms2_spectra_ENDOneg/insilico/SIRIUS/no_isotope/coconut_results_for_negM713R418ID157_structure.csv
157,158,158,endo_negM561R418ID158,561.326721191406,417.74229,417.74229,292815.0793457,30,neg,ms2_spectra_ENDOneg/insilico/peakfiles_ms2/Peaks_0158.txt,no ms1 peaks in QC,no mass from CAMERA,/Users/mahnoorzulfiqar/OneDriveUNI/GitHub-Repos/MAW/cwl/ms2_spectra_ENDOneg/insilico/SIRIUS/no_isotope/coconut_results_for_negM561R418ID158_structure.csv
158,159,159,endo_negM347R429ID159,347.094818115234,428.531958,428.531958,56768.7421875,30,neg,ms2_spectra_ENDOneg/insilico/peakfiles_ms2/Peaks_0159.txt,no ms1 peaks in QC,no mass from CAMERA,/Users/mahnoorzulfiqar/OneDriveUNI/GitHub-Repos/MAW/cwl/ms2_spectra_ENDOneg/insilico/SIRIUS/no_isotope/coconut_results_for_negM347R429ID159_structure.csv
159,160,160,endo_negM366R430ID160,366.068542480469,430.133382,430.133382,196520.1564941,30,neg,ms2_spectra_ENDOneg/insilico/peakfiles_ms2/Peaks_0160.txt,no ms1 peaks in QC,no mass from CAMERA,/Users/mahnoorzulfiqar/OneDriveUNI/GitHub-Repos/MAW/cwl/ms2_spectra_ENDOneg/insilico/SIRIUS/no_isotope/coconut_results_for_negM366R430ID160_structure.csv
160,161,161,endo_negM499R428ID161,499.266845703125,427.779792,427.779792,36702.4118652344,30,neg,ms2_spectra_ENDOneg/insilico/peakfiles_ms2/Peaks_0161.txt,no ms1 peaks in QC,no mass from CAMERA,
161,162,162,endo_negM329R436ID162,329.175354003906,435.753588,435.753588,76808.669921875,30,neg,ms2_spectra_ENDOneg/insilico/peakfiles_ms2/Peaks_0162.txt,no ms1 peaks in QC,no mass from CAMERA,
162,163,163,endo_negM455R439ID163,455.240631103516,439.077501,439.077501,376447.7670898,30,neg,ms2_spectra_ENDOneg/insilico/peakfiles_ms2/Peaks_0163.txt,no ms1 peaks in QC,no mass from CAMERA,/Users/mahnoorzulfiqar/OneDriveUNI/GitHub-Repos/MAW/cwl/ms2_spectra_ENDOneg/insilico/SIRIUS/no_isotope/coconut_results_for_negM455R439ID163_structure.csv
163,164,164,endo_negM671R441ID164,671.198791503906,440.660367,440.660367,372960.4970703,30,neg,ms2_spectra_ENDOneg/insilico/peakfiles_ms2/Peaks_0164.txt,no ms1 peaks in QC,no mass from CAMERA,/Users/mahnoorzulfiqar/OneDriveUNI/GitHub-Repos/MAW/cwl/ms2_spectra_ENDOneg/insilico/SIRIUS/no_isotope/coconut_results_for_negM671R441ID164_structure.csv
164,165,165,endo_negM243R449ID165,243.195922851563,449.333052,449.333052,2658522.837402,30,neg,ms2_spectra_ENDOneg/insilico/peakfiles_ms2/Peaks_0165.txt,no ms1 peaks in QC,no mass from CAMERA,/Users/mahnoorzulfiqar/OneDriveUNI/GitHub-Repos/MAW/cwl/ms2_spectra_ENDOneg/insilico/SIRIUS/no_isotope/coconut_results_for_negM243R449ID165_formula.csv
165,166,166,endo_negM273R451ID166,273.185546875,450.887916,450.887916,2405451.630859,30,neg,ms2_spectra_ENDOneg/insilico/peakfiles_ms2/Peaks_0166.txt,no ms1 peaks in QC,no mass from CAMERA,
166,167,167,endo_negM326R449ID167,326.118377685547,448.53687,448.53687,734049.6708984,30,neg,ms2_spectra_ENDOneg/insilico/peakfiles_ms2/Peaks_0167.txt,no ms1 peaks in QC,no mass from CAMERA,/Users/mahnoorzulfiqar/OneDriveUNI/GitHub-Repos/MAW/cwl/ms2_spectra_ENDOneg/insilico/SIRIUS/no_isotope/coconut_results_for_negM326R449ID167_structure.csv
167,168,168,endo_negM343R450ID168,343.120910644531,450.104988,450.104988,118385.5910645,30,neg,ms2_spectra_ENDOneg/insilico/peakfiles_ms2/Peaks_0168.txt,no ms1 peaks in QC,no mass from CAMERA,/Users/mahnoorzulfiqar/OneDriveUNI/GitHub-Repos/MAW/cwl/ms2_spectra_ENDOneg/insilico/SIRIUS/no_isotope/coconut_results_for_negM343R450ID168_structure.csv
168,169,169,endo_negM229R458ID169,229.195617675781,458.067186,457.508854,232460.0246582,30,neg,ms2_spectra_ENDOneg/insilico/peakfiles_ms2/Peaks_0169.txt,no ms1 peaks in QC,no mass from CAMERA,
169,170,170,endo_negM679R474ID170,679.368286132813,473.813307,474.323826,524532.546875,30,neg,ms2_spectra_ENDOneg/insilico/peakfiles_ms2/Peaks_0170.txt,no ms1 peaks in QC,no mass from CAMERA,
170,171,171,endo_negM251R482ID171,251.201171875,482.229492,482.687242,1890447.250488,30,neg,ms2_spectra_ENDOneg/insilico/peakfiles_ms2/Peaks_0171.txt,no ms1 peaks in QC,no mass from CAMERA,/Users/mahnoorzulfiqar/OneDriveUNI/GitHub-Repos/MAW/cwl/ms2_spectra_ENDOneg/insilico/SIRIUS/no_isotope/coconut_results_for_negM251R482ID171_formula.csv
171,172,172,endo_negM529R483ID172,529.279541015625,482.960121,482.960121,60309.5083007812,30,neg,ms2_spectra_ENDOneg/insilico/peakfiles_ms2/Peaks_0172.txt,no ms1 peaks in QC,no mass from CAMERA,
172,173,173,endo_negM369R487ID173,369.203674316406,487.44765,487.44765,364745.6733398,30,neg,ms2_spectra_ENDOneg/insilico/peakfiles_ms2/Peaks_0173.txt,no ms1 peaks in QC,no mass from CAMERA,/Users/mahnoorzulfiqar/OneDriveUNI/GitHub-Repos/MAW/cwl/ms2_spectra_ENDOneg/insilico/SIRIUS/no_isotope/coconut_results_for_negM369R487ID173_structure.csv
173,174,174,endo_negM401R489ID174,401.141479492188,488.951139,488.951139,531068.390625,30,neg,ms2_spectra_ENDOneg/insilico/peakfiles_ms2/Peaks_0174.txt,no ms1 peaks in QC,no mass from CAMERA,/Users/mahnoorzulfiqar/OneDriveUNI/GitHub-Repos/MAW/cwl/ms2_spectra_ENDOneg/insilico/SIRIUS/no_isotope/coconut_results_for_negM401R489ID174_structure.csv
174,175,175,endo_negM277R496ID175,277.216705322266,495.626772,495.354972,1284266.305176,30,neg,ms2_spectra_ENDOneg/insilico/peakfiles_ms2/Peaks_0175.txt,no ms1 peaks in QC,no mass from CAMERA,
175,176,176,endo_negM254R501ID176,253.793380737305,500.976486,500.976486,304183.2695312,30,neg,ms2_spectra_ENDOneg/insilico/peakfiles_ms2/Peaks_0176.txt,no ms1 peaks in QC,no mass from CAMERA,/Users/mahnoorzulfiqar/OneDriveUNI/GitHub-Repos/MAW/cwl/ms2_spectra_ENDOneg/insilico/SIRIUS/no_isotope/coconut_results_for_negM254R501ID176_formula.csv
176,177,177,endo_negM327R505ID177,327.232360839844,504.82458,504.82458,2984577.983398,30,neg,ms2_spectra_ENDOneg/insilico/peakfiles_ms2/Peaks_0177.txt,no ms1 peaks in QC,no mass from CAMERA,
177,178,178,endo_negM271R509ID178,271.227416992188,508.602363,508.602363,356397.8515625,30,neg,ms2_spectra_ENDOneg/insilico/peakfiles_ms2/Peaks_0178.txt,no ms1 peaks in QC,no mass from CAMERA,/Users/mahnoorzulfiqar/OneDriveUNI/GitHub-Repos/MAW/cwl/ms2_spectra_ENDOneg/insilico/SIRIUS/no_isotope/coconut_results_for_negM271R509ID178_formula.csv
178,179,179,endo_negM303R506ID179,303.232330322266,506.334828,506.334828,984209.828125,30,neg,ms2_spectra_ENDOneg/insilico/peakfiles_ms2/Peaks_0179.txt,no ms1 peaks in QC,no mass from CAMERA,
179,180,180,endo_negM227R512ID180,227.201309204102,512.38446,512.38446,1138505.115234,30,neg,ms2_spectra_ENDOneg/insilico/peakfiles_ms2/Peaks_0180.txt,no ms1 peaks in QC,no mass from CAMERA,
180,181,181,endo_negM353R516ID181,353.141815185547,516.268311,516.268311,203111.8447266,30,neg,ms2_spectra_ENDOneg/insilico/peakfiles_ms2/Peaks_0181.txt,no ms1 peaks in QC,no mass from CAMERA,
181,182,182,endo_negM279R525ID182,279.232360839844,524.778879,525.142062,2911015.246582,30,neg,ms2_spectra_ENDOneg/insilico/peakfiles_ms2/Peaks_0182.txt,no ms1 peaks in QC,no mass from CAMERA,/Users/mahnoorzulfiqar/OneDriveUNI/GitHub-Repos/MAW/cwl/ms2_spectra_ENDOneg/insilico/SIRIUS/no_isotope/coconut_results_for_negM279R525ID182_formula.csv
182,183,183,endo_negM759R532ID183,759.4306640625,531.610884,530.852285,191576.1816406,30,neg,ms2_spectra_ENDOneg/insilico/peakfiles_ms2/Peaks_0183.txt,no ms1 peaks in QC,no mass from CAMERA,
183,184,184,endo_negM976R545ID184,975.529907226563,545.46735,545.428659,1394280.6875,30,neg,ms2_spectra_ENDOneg/insilico/peakfiles_ms2/Peaks_0184.txt,no ms1 peaks in QC,no mass from CAMERA,/Users/mahnoorzulfiqar/OneDriveUNI/GitHub-Repos/MAW/cwl/ms2_spectra_ENDOneg/insilico/SIRIUS/no_isotope/coconut_results_for_negM976R545ID184_structure.csv
184,185,185,endo_negM307R565ID185,307.263732910156,565.256445,565.220976,198903.0859375,30,neg,ms2_spectra_ENDOneg/insilico/peakfiles_ms2/Peaks_0185.txt,no ms1 peaks in QC,no mass from CAMERA,/Users/mahnoorzulfiqar/OneDriveUNI/GitHub-Repos/MAW/cwl/ms2_spectra_ENDOneg/insilico/SIRIUS/no_isotope/coconut_results_for_negM307R565ID185_formula.csv
185,186,186,endo_negM883R568ID186,883.391662597656,568.353864,568.0299876,690178.0380859,30,neg,ms2_spectra_ENDOneg/insilico/peakfiles_ms2/Peaks_0186.txt,no ms1 peaks in QC,no mass from CAMERA,
186,187,187,endo_negM813R580ID187,813.477355957031,580.209147,580.202772,3209911.008545,30,neg,ms2_spectra_ENDOneg/insilico/peakfiles_ms2/Peaks_0187.txt,no ms1 peaks in QC,no mass from CAMERA,/Users/mahnoorzulfiqar/OneDriveUNI/GitHub-Repos/MAW/cwl/ms2_spectra_ENDOneg/insilico/SIRIUS/no_isotope/coconut_results_for_negM813R580ID187_structure.csv
187,188,188,endo_negM815R594ID188,815.492980957031,593.968164,593.931598285714,925636.7558594,30,neg,ms2_spectra_ENDOneg/insilico/peakfiles_ms2/Peaks_0188.txt,no ms1 peaks in QC,no mass from CAMERA,
